,BindingDB Reactant_set_id,Ligand SMILES,Ligand InChI,Ligand InChI Key,BindingDB MonomerID,BindingDB Ligand Name,Target Name Assigned by Curator or DataSource,Target Source Organism According to Curator or DataSource,Ki (nM),IC50 (nM),Kd (nM),EC50 (nM),kon (M-1-s-1),koff (s-1),pH,Temp (C),Curation/DataSource,Article DOI,PMID,PubChem AID,Patent Number,Authors,Institution,Link to Ligand in BindingDB,Link to Target in BindingDB,Link to Ligand-Target Pair in BindingDB,Ligand HET ID in PDB,PDB ID(s) for Ligand-Target Complex,PubChem CID,PubChem SID,ChEBI ID of Ligand,ChEMBL ID of Ligand,DrugBank ID of Ligand,IUPHAR_GRAC ID of Ligand,KEGG ID of Ligand,ZINC ID of Ligand,Number of Protein Chains in Target (>1 implies a multichain complex),BindingDB Target Chain  Sequence,PDB ID(s) of Target Chain,UniProt (SwissProt) Recommended Name of Target Chain,UniProt (SwissProt) Entry Name of Target Chain,UniProt (SwissProt) Primary ID of Target Chain,UniProt (SwissProt) Secondary ID(s) of Target Chain,UniProt (SwissProt) Alternative ID(s) of Target Chain,UniProt (TrEMBL) Submitted Name of Target Chain,UniProt (TrEMBL) Entry Name of Target Chain,UniProt (TrEMBL) Primary ID of Target Chain,UniProt (TrEMBL) Secondary ID(s) of Target Chain,UniProt (TrEMBL) Alternative ID(s) of Target Chain
0,50309131,C[C@]12CC[C@H]3[C@@H](CC(=C)C4=CC(=O)C=C[C@]34C)[C@@H]1CCC2=O,"InChI=1/C20H24O2/c1-12-10-14-15-4-5-18(22)20(15,3)9-7-16(14)19(2)8-6-13(21)11-17(12)19/h6,8,11,14-16H,1,4-5,7,9-10H2,2-3H3/t14-,15-,16-,19+,20-/s2",BFYIZQONLCFLEV-OFGFSZAXNA-N,50398447,Aromasin::EXEMESTANE,Cytochrome P450 19A1,Homo sapiens,,900.0,,,,,,,ChEMBL,10.1016/j.ejmech.2014.09.074,25277066,,,"Varela, CL; Amaral, C; Tavares da Silva, E; Lopes, A; Correia-da-Silva, G; Carvalho, RA; Costa, SC; Roleira, FM; Teixeira, N",University of Coimbra,http://www.bindingdb.org/bind/chemsearch/marvin/MolStructure.jsp?monomerid=50398447,http://www.bindingdb.org/jsp/dbsearch/PrimarySearch_ki.jsp?energyterm=kJ/mole&tag=pol&polymerid=1024&target=Cytochrome+P450+19A1&column=ki&startPg=0&Increment=50&submit=Search,http://www.bindingdb.org/jsp/dbsearch/PrimarySearch_ki.jsp?energyterm=kJ/mole&tag=r21&monomerid=50398447&enzyme=Cytochrome+P450+19A1&column=ki&startPg=0&Increment=50&submit=Search,EXM,3S7S,60198,163347471,4953,,DB00990,,C08162,ZINC03973334,1,MVLEMLNPIHYNITSIVPEAMPAATMPVLLLTGLFLLVWNYEGTSSIPGPGYCMGIGPLISHGRFLWMGIGSACNYYNRVYGEFMRVWISGEETLIISKSSSMFHIMKHNHYSSRFGSKLGLQCIGMHEKGIIFNNNPELWKTTRPFFMKALSGPGLVRMVTVCAESLKTHLDRLEEVTNESGYVDVLTLLRRVMLDTSNTLFLRIPLDESAIVVKIQGYFDAWQALLIKPDIFFKISWLYKKYEKSVKDLKDAIEVLIAEKRRRISTEEKLEECMDFATELILAEKRGDLTRENVNQCILEMLIAAPDTMSVSLFFMLFLIAKHPNVEEAIIKEIQTVIGERDIKIDDIQKLKVMENFIYESMRYQPVVDLVMRKALEDDVIDGYPVKKGTNIILNIGRMHRLEFFPKPNEFTLENFAKNVPYRYFQPFGFGPRGCAGKYIAMVMMKAILVTLLRRFHVKTLQGQCVESIQKIHDLSLHPDETKNMLEMIFTPRNSDRCLEH,"3EQM,3S79,3S7S,4GL5,4GL7,5JKV,5JKW,5JL6,5JL7,5JL9",Aromatase,CP19A_HUMAN,P11511,"Q16731,Q3B764,Q58FA0,Q8IYJ7",,,,A0A024R5S8,,
1,50309136,C[C@]12CC[C@H]3[C@@H](CC(=C)C4=CC(=O)C=C[C@]34C)[C@@H]1CCC2=O,"InChI=1/C20H24O2/c1-12-10-14-15-4-5-18(22)20(15,3)9-7-16(14)19(2)8-6-13(21)11-17(12)19/h6,8,11,14-16H,1,4-5,7,9-10H2,2-3H3/t14-,15-,16-,19+,20-/s2",BFYIZQONLCFLEV-OFGFSZAXNA-N,50398447,Aromasin::EXEMESTANE,Cytochrome P450 19A1,Homo sapiens,,50.0,,,,,,,ChEMBL,10.1016/j.ejmech.2014.09.074,25277066,,,"Varela, CL; Amaral, C; Tavares da Silva, E; Lopes, A; Correia-da-Silva, G; Carvalho, RA; Costa, SC; Roleira, FM; Teixeira, N",University of Coimbra,http://www.bindingdb.org/bind/chemsearch/marvin/MolStructure.jsp?monomerid=50398447,http://www.bindingdb.org/jsp/dbsearch/PrimarySearch_ki.jsp?energyterm=kJ/mole&tag=pol&polymerid=1024&target=Cytochrome+P450+19A1&column=ki&startPg=0&Increment=50&submit=Search,http://www.bindingdb.org/jsp/dbsearch/PrimarySearch_ki.jsp?energyterm=kJ/mole&tag=r21&monomerid=50398447&enzyme=Cytochrome+P450+19A1&column=ki&startPg=0&Increment=50&submit=Search,EXM,3S7S,60198,163347471,4953,,DB00990,,C08162,ZINC03973334,1,MVLEMLNPIHYNITSIVPEAMPAATMPVLLLTGLFLLVWNYEGTSSIPGPGYCMGIGPLISHGRFLWMGIGSACNYYNRVYGEFMRVWISGEETLIISKSSSMFHIMKHNHYSSRFGSKLGLQCIGMHEKGIIFNNNPELWKTTRPFFMKALSGPGLVRMVTVCAESLKTHLDRLEEVTNESGYVDVLTLLRRVMLDTSNTLFLRIPLDESAIVVKIQGYFDAWQALLIKPDIFFKISWLYKKYEKSVKDLKDAIEVLIAEKRRRISTEEKLEECMDFATELILAEKRGDLTRENVNQCILEMLIAAPDTMSVSLFFMLFLIAKHPNVEEAIIKEIQTVIGERDIKIDDIQKLKVMENFIYESMRYQPVVDLVMRKALEDDVIDGYPVKKGTNIILNIGRMHRLEFFPKPNEFTLENFAKNVPYRYFQPFGFGPRGCAGKYIAMVMMKAILVTLLRRFHVKTLQGQCVESIQKIHDLSLHPDETKNMLEMIFTPRNSDRCLEH,"3EQM,3S79,3S7S,4GL5,4GL7,5JKV,5JKW,5JL6,5JL7,5JL9",Aromatase,CP19A_HUMAN,P11511,"Q16731,Q3B764,Q58FA0,Q8IYJ7",,,,A0A024R5S8,,
2,50448281,C[C@]12CC[C@H]3[C@@H](CC(=C)C4=CC(=O)C=C[C@]34C)[C@@H]1CCC2=O,"InChI=1/C20H24O2/c1-12-10-14-15-4-5-18(22)20(15,3)9-7-16(14)19(2)8-6-13(21)11-17(12)19/h6,8,11,14-16H,1,4-5,7,9-10H2,2-3H3/t14-,15-,16-,19+,20-/s2",BFYIZQONLCFLEV-OFGFSZAXNA-N,50398447,Aromasin::EXEMESTANE,Cytochrome P450 19A1,Homo sapiens,26.0,,,,,,,,ChEMBL,10.1016/j.ejmech.2015.09.038,26469743,,,"Yadav, MR; Barmade, MA; Tamboli, RS; Murumkar, PR",The M. S. University of Baroda,http://www.bindingdb.org/bind/chemsearch/marvin/MolStructure.jsp?monomerid=50398447,http://www.bindingdb.org/jsp/dbsearch/PrimarySearch_ki.jsp?energyterm=kJ/mole&tag=pol&polymerid=1024&target=Cytochrome+P450+19A1&column=ki&startPg=0&Increment=50&submit=Search,http://www.bindingdb.org/jsp/dbsearch/PrimarySearch_ki.jsp?energyterm=kJ/mole&tag=r21&monomerid=50398447&enzyme=Cytochrome+P450+19A1&column=ki&startPg=0&Increment=50&submit=Search,EXM,3S7S,60198,163347471,4953,,DB00990,,C08162,ZINC03973334,1,MVLEMLNPIHYNITSIVPEAMPAATMPVLLLTGLFLLVWNYEGTSSIPGPGYCMGIGPLISHGRFLWMGIGSACNYYNRVYGEFMRVWISGEETLIISKSSSMFHIMKHNHYSSRFGSKLGLQCIGMHEKGIIFNNNPELWKTTRPFFMKALSGPGLVRMVTVCAESLKTHLDRLEEVTNESGYVDVLTLLRRVMLDTSNTLFLRIPLDESAIVVKIQGYFDAWQALLIKPDIFFKISWLYKKYEKSVKDLKDAIEVLIAEKRRRISTEEKLEECMDFATELILAEKRGDLTRENVNQCILEMLIAAPDTMSVSLFFMLFLIAKHPNVEEAIIKEIQTVIGERDIKIDDIQKLKVMENFIYESMRYQPVVDLVMRKALEDDVIDGYPVKKGTNIILNIGRMHRLEFFPKPNEFTLENFAKNVPYRYFQPFGFGPRGCAGKYIAMVMMKAILVTLLRRFHVKTLQGQCVESIQKIHDLSLHPDETKNMLEMIFTPRNSDRCLEH,"3EQM,3S79,3S7S,4GL5,4GL7,5JKV,5JKW,5JL6,5JL7,5JL9",Aromatase,CP19A_HUMAN,P11511,"Q16731,Q3B764,Q58FA0,Q8IYJ7",,,,A0A024R5S8,,
3,50448282,C[C@]12CC[C@H]3[C@@H](CC(=C)C4=CC(=O)C=C[C@]34C)[C@@H]1CCC2=O,"InChI=1/C20H24O2/c1-12-10-14-15-4-5-18(22)20(15,3)9-7-16(14)19(2)8-6-13(21)11-17(12)19/h6,8,11,14-16H,1,4-5,7,9-10H2,2-3H3/t14-,15-,16-,19+,20-/s2",BFYIZQONLCFLEV-OFGFSZAXNA-N,50398447,Aromasin::EXEMESTANE,Cytochrome P450 19A1,Homo sapiens,10.0,,,,,,,,ChEMBL,10.1016/j.ejmech.2015.09.038,26469743,,,"Yadav, MR; Barmade, MA; Tamboli, RS; Murumkar, PR",The M. S. University of Baroda,http://www.bindingdb.org/bind/chemsearch/marvin/MolStructure.jsp?monomerid=50398447,http://www.bindingdb.org/jsp/dbsearch/PrimarySearch_ki.jsp?energyterm=kJ/mole&tag=pol&polymerid=1024&target=Cytochrome+P450+19A1&column=ki&startPg=0&Increment=50&submit=Search,http://www.bindingdb.org/jsp/dbsearch/PrimarySearch_ki.jsp?energyterm=kJ/mole&tag=r21&monomerid=50398447&enzyme=Cytochrome+P450+19A1&column=ki&startPg=0&Increment=50&submit=Search,EXM,3S7S,60198,163347471,4953,,DB00990,,C08162,ZINC03973334,1,MVLEMLNPIHYNITSIVPEAMPAATMPVLLLTGLFLLVWNYEGTSSIPGPGYCMGIGPLISHGRFLWMGIGSACNYYNRVYGEFMRVWISGEETLIISKSSSMFHIMKHNHYSSRFGSKLGLQCIGMHEKGIIFNNNPELWKTTRPFFMKALSGPGLVRMVTVCAESLKTHLDRLEEVTNESGYVDVLTLLRRVMLDTSNTLFLRIPLDESAIVVKIQGYFDAWQALLIKPDIFFKISWLYKKYEKSVKDLKDAIEVLIAEKRRRISTEEKLEECMDFATELILAEKRGDLTRENVNQCILEMLIAAPDTMSVSLFFMLFLIAKHPNVEEAIIKEIQTVIGERDIKIDDIQKLKVMENFIYESMRYQPVVDLVMRKALEDDVIDGYPVKKGTNIILNIGRMHRLEFFPKPNEFTLENFAKNVPYRYFQPFGFGPRGCAGKYIAMVMMKAILVTLLRRFHVKTLQGQCVESIQKIHDLSLHPDETKNMLEMIFTPRNSDRCLEH,"3EQM,3S79,3S7S,4GL5,4GL7,5JKV,5JKW,5JL6,5JL7,5JL9",Aromatase,CP19A_HUMAN,P11511,"Q16731,Q3B764,Q58FA0,Q8IYJ7",,,,A0A024R5S8,,
4,50448468,C[C@]12CC[C@H]3[C@@H](CC(=C)C4=CC(=O)C=C[C@]34C)[C@@H]1CCC2=O,"InChI=1/C20H24O2/c1-12-10-14-15-4-5-18(22)20(15,3)9-7-16(14)19(2)8-6-13(21)11-17(12)19/h6,8,11,14-16H,1,4-5,7,9-10H2,2-3H3/t14-,15-,16-,19+,20-/s2",BFYIZQONLCFLEV-OFGFSZAXNA-N,50398447,Aromasin::EXEMESTANE,Cytochrome P450 19A1,Homo sapiens,,230.0,,,,,,,ChEMBL,10.1016/j.ejmech.2015.09.038,26469743,,,"Yadav, MR; Barmade, MA; Tamboli, RS; Murumkar, PR",The M. S. University of Baroda,http://www.bindingdb.org/bind/chemsearch/marvin/MolStructure.jsp?monomerid=50398447,http://www.bindingdb.org/jsp/dbsearch/PrimarySearch_ki.jsp?energyterm=kJ/mole&tag=pol&polymerid=1024&target=Cytochrome+P450+19A1&column=ki&startPg=0&Increment=50&submit=Search,http://www.bindingdb.org/jsp/dbsearch/PrimarySearch_ki.jsp?energyterm=kJ/mole&tag=r21&monomerid=50398447&enzyme=Cytochrome+P450+19A1&column=ki&startPg=0&Increment=50&submit=Search,EXM,3S7S,60198,163347471,4953,,DB00990,,C08162,ZINC03973334,1,MVLEMLNPIHYNITSIVPEAMPAATMPVLLLTGLFLLVWNYEGTSSIPGPGYCMGIGPLISHGRFLWMGIGSACNYYNRVYGEFMRVWISGEETLIISKSSSMFHIMKHNHYSSRFGSKLGLQCIGMHEKGIIFNNNPELWKTTRPFFMKALSGPGLVRMVTVCAESLKTHLDRLEEVTNESGYVDVLTLLRRVMLDTSNTLFLRIPLDESAIVVKIQGYFDAWQALLIKPDIFFKISWLYKKYEKSVKDLKDAIEVLIAEKRRRISTEEKLEECMDFATELILAEKRGDLTRENVNQCILEMLIAAPDTMSVSLFFMLFLIAKHPNVEEAIIKEIQTVIGERDIKIDDIQKLKVMENFIYESMRYQPVVDLVMRKALEDDVIDGYPVKKGTNIILNIGRMHRLEFFPKPNEFTLENFAKNVPYRYFQPFGFGPRGCAGKYIAMVMMKAILVTLLRRFHVKTLQGQCVESIQKIHDLSLHPDETKNMLEMIFTPRNSDRCLEH,"3EQM,3S79,3S7S,4GL5,4GL7,5JKV,5JKW,5JL6,5JL7,5JL9",Aromatase,CP19A_HUMAN,P11511,"Q16731,Q3B764,Q58FA0,Q8IYJ7",,,,A0A024R5S8,,
5,50762432,C[C@]12CC[C@H]3[C@@H](CC(=C)C4=CC(=O)C=C[C@]34C)[C@@H]1CCC2=O,"InChI=1/C20H24O2/c1-12-10-14-15-4-5-18(22)20(15,3)9-7-16(14)19(2)8-6-13(21)11-17(12)19/h6,8,11,14-16H,1,4-5,7,9-10H2,2-3H3/t14-,15-,16-,19+,20-/s2",BFYIZQONLCFLEV-OFGFSZAXNA-N,50398447,Aromasin::EXEMESTANE,Cytochrome P450 19A1,Homo sapiens,,43.0,,,,,,,ChEMBL,10.1016/j.bmcl.2017.01.062,28512028,,,"Yamaguchi, Y; Nishizono, N; Kobayashi, D; Yoshimura, T; Wada, K; Oda, K",Health Sciences University of Hokkaido,http://www.bindingdb.org/bind/chemsearch/marvin/MolStructure.jsp?monomerid=50398447,http://www.bindingdb.org/jsp/dbsearch/PrimarySearch_ki.jsp?energyterm=kJ/mole&tag=pol&polymerid=1024&target=Cytochrome+P450+19A1&column=ki&startPg=0&Increment=50&submit=Search,http://www.bindingdb.org/jsp/dbsearch/PrimarySearch_ki.jsp?energyterm=kJ/mole&tag=r21&monomerid=50398447&enzyme=Cytochrome+P450+19A1&column=ki&startPg=0&Increment=50&submit=Search,EXM,3S7S,60198,163347471,4953,,DB00990,,C08162,ZINC03973334,1,MVLEMLNPIHYNITSIVPEAMPAATMPVLLLTGLFLLVWNYEGTSSIPGPGYCMGIGPLISHGRFLWMGIGSACNYYNRVYGEFMRVWISGEETLIISKSSSMFHIMKHNHYSSRFGSKLGLQCIGMHEKGIIFNNNPELWKTTRPFFMKALSGPGLVRMVTVCAESLKTHLDRLEEVTNESGYVDVLTLLRRVMLDTSNTLFLRIPLDESAIVVKIQGYFDAWQALLIKPDIFFKISWLYKKYEKSVKDLKDAIEVLIAEKRRRISTEEKLEECMDFATELILAEKRGDLTRENVNQCILEMLIAAPDTMSVSLFFMLFLIAKHPNVEEAIIKEIQTVIGERDIKIDDIQKLKVMENFIYESMRYQPVVDLVMRKALEDDVIDGYPVKKGTNIILNIGRMHRLEFFPKPNEFTLENFAKNVPYRYFQPFGFGPRGCAGKYIAMVMMKAILVTLLRRFHVKTLQGQCVESIQKIHDLSLHPDETKNMLEMIFTPRNSDRCLEH,"3EQM,3S79,3S7S,4GL5,4GL7,5JKV,5JKW,5JL6,5JL7,5JL9",Aromatase,CP19A_HUMAN,P11511,"Q16731,Q3B764,Q58FA0,Q8IYJ7",,,,A0A024R5S8,,
6,50775303,C[C@]12CC[C@H]3[C@@H](CC(=C)C4=CC(=O)C=C[C@]34C)[C@@H]1CCC2=O,"InChI=1/C20H24O2/c1-12-10-14-15-4-5-18(22)20(15,3)9-7-16(14)19(2)8-6-13(21)11-17(12)19/h6,8,11,14-16H,1,4-5,7,9-10H2,2-3H3/t14-,15-,16-,19+,20-/s2",BFYIZQONLCFLEV-OFGFSZAXNA-N,50398447,Aromasin::EXEMESTANE,Multidrug resistance-associated protein 4,Homo sapiens,,133000.0,,,,,,,ChEMBL,10.1093/toxsci/kft176,23956101,,,"Morgan, RE; van Staden, CJ; Chen, Y; Kalyanaraman, N; Kalanzi, J; Dunn, RT; Afshari, CA; Hamadeh, HK",Amgen Inc,http://www.bindingdb.org/bind/chemsearch/marvin/MolStructure.jsp?monomerid=50398447,http://www.bindingdb.org/jsp/dbsearch/PrimarySearch_ki.jsp?energyterm=kJ/mole&tag=pol&polymerid=50006297&target=Multidrug+resistance-associated+protein+4&column=ki&startPg=0&Increment=50&submit=Search,http://www.bindingdb.org/jsp/dbsearch/PrimarySearch_ki.jsp?energyterm=kJ/mole&tag=r21&monomerid=50398447&enzyme=Multidrug+resistance-associated+protein+4&column=ki&startPg=0&Increment=50&submit=Search,EXM,,60198,163347471,4953,,DB00990,,C08162,ZINC03973334,1,MLPVYQEVKPNPLQDANLCSRVFFWWLNPLFKIGHKRRLEEDDMYSVLPEDRSQHLGEELQGFWDKEVLRAENDAQKPSLTRAIIKCYWKSYLVLGIFTLIEESAKVIQPIFLGKIINYFENYDPMDSVALNTAYAYATVLTFCTLILAILHHLYFYHVQCAGMRLRVAMCHMIYRKALRLSNMAMGKTTTGQIVNLLSNDVNKFDQVTVFLHFLWAGPLQAIAVTALLWMEIGISCLAGMAVLIILLPLQSCFGKLFSSLRSKTATFTDARIRTMNEVITGIRIIKMYAWEKSFSNLITNLRKKEISKILRSSCLRGMNLASFFSASKIIVFVTFTTYVLLGSVITASRVFVAVTLYGAVRLTVTLFFPSAIERVSEAIVSIRRIQTFLLLDEISQRNRQLPSDGKKMVHVQDFTAFWDKASETPTLQGLSFTVRPGELLAVVGPVGAGKSSLLSAVLGELAPSHGLVSVHGRIAYVSQQPWVFSGTLRSNILFGKKYEKERYEKVIKACALKKDLQLLEDGDLTVIGDRGTTLSGGQKARVNLARAVYQDADIYLLDDPLSAVDAEVSRHLFELCICQILHEKITILVTHQLQYLKAASQILILKDGKMVQKGTYTEFLKSGIDFGSLLKKDNEESEQPPVPGTPTLRNRTFSESSVWSQQSSRPSLKDGALESQDTENVPVTLSEENRSEGKVGFQAYKNYFRAGAHWIVFIFLILLNTAAQVAYVLQDWWLSYWANKQSMLNVTVNGGGNVTEKLDLNWYLGIYSGLTVATVLFGIARSLLVFYVLVNSSQTLHNKMFESILKAPVLFFDRNPIGRILNRFSKDIGHLDDLLPLTFLDFIQTLLQVVGVVSVAVAVIPWIAIPLVPLGIIFIFLRRYFLETSRDVKRLESTTRSPVFSHLSSSLQGLWTIRAYKAEERCQELFDAHQDLHSEAWFLFLTTSRWFAVRLDAICAMFVIIVAFGSLILAKTLDAGQVGLALSYALTLMGMFQWCVRQSAEVENMMISVERVIEYTDLEKEAPWEYQKRPPPAWPHEGVIIFDNVNFMYSPGGPLVLKHLTALIKSQEKVGIVGRTGAGKSSLISALFRLSEPEGKIWIDKILTTEIGLHDLRKKMSIIPQEPVLFTGTMRKNLDPFNEHTDEELWNALQEVQLKETIEDLPGKMDTELAESGSNFSVGQRQLVCLARAILRKNQILIIDEATANVDPRTDELIQKKIREKFAHCTVLTIAHRLNTIIDSDKIMVLDSGRLKEYDEPYVLLQNKESLFYKMVQQLGKAEAAALTETAKQVYFKRNYPHIGHTDHMVTNTSNGQPSTLTIFETAL,,Multidrug resistance-associated protein 4,MRP4_HUMAN,O15439,"A9Z1Z7,B7Z3Q7,Q8IVZ4,Q8IZN6,Q8NEW8,Q9Y6J2",,,,,,
7,50775332,C[C@]12CC[C@H]3[C@@H](CC(=C)C4=CC(=O)C=C[C@]34C)[C@@H]1CCC2=O,"InChI=1/C20H24O2/c1-12-10-14-15-4-5-18(22)20(15,3)9-7-16(14)19(2)8-6-13(21)11-17(12)19/h6,8,11,14-16H,1,4-5,7,9-10H2,2-3H3/t14-,15-,16-,19+,20-/s2",BFYIZQONLCFLEV-OFGFSZAXNA-N,50398447,Aromasin::EXEMESTANE,Canalicular multispecific organic anion transporter 1,,,133000.0,,,,,,,ChEMBL,10.1093/toxsci/kft176,23956101,,,"Morgan, RE; van Staden, CJ; Chen, Y; Kalyanaraman, N; Kalanzi, J; Dunn, RT; Afshari, CA; Hamadeh, HK",Amgen Inc,http://www.bindingdb.org/bind/chemsearch/marvin/MolStructure.jsp?monomerid=50398447,http://www.bindingdb.org/jsp/dbsearch/PrimarySearch_ki.jsp?energyterm=kJ/mole&tag=pol&polymerid=7529&target=Canalicular+multispecific+organic+anion+transporter+1&column=ki&startPg=0&Increment=50&submit=Search,http://www.bindingdb.org/jsp/dbsearch/PrimarySearch_ki.jsp?energyterm=kJ/mole&tag=r21&monomerid=50398447&enzyme=Canalicular+multispecific+organic+anion+transporter+1&column=ki&startPg=0&Increment=50&submit=Search,EXM,,60198,163347471,4953,,DB00990,,C08162,ZINC03973334,1,MLEKFCNSTFWNSSFLDSPEADLPLCFEQTVLVWIPLGYLWLLAPWQLLHVYKSRTKRSSTTKLYLAKQVFVGFLLILAAIELALVLTEDSGQATVPAVRYTNPSLYLGTWLLVLLIQYSRQWCVQKNSWFLSLFWILSILCGTFQFQTLIRTLLQGDNSNLAYSCLFFISYGFQILILIFSAFSENNESSNNPSSIASFLSSITYSWYDSIILKGYKRPLTLEDVWEVDEEMKTKTLVSKFETHMKRELQKARRALQRRQEKSSQQNSGARLPGLNKNQSQSQDALVLEDVEKKKKKSGTKKDVPKSWLMKALFKTFYMVLLKSFLLKLVNDIFTFVSPQLLKLLISFASDRDTYLWIGYLCAILLFTAALIQSFCLQCYFQLCFKLGVKVRTAIMASVYKKALTLSNLARKEYTVGETVNLMSVDAQKLMDVTNFMHMLWSSVLQIVLSIFFLWRELGPSVLAGVGVMVLVIPINAILSTKSKTIQVKNMKNKDKRLKIMNEILSGIKILKYFAWEPSFRDQVQNLRKKELKNLLAFSQLQCVVIFVFQLTPVLVSVVTFSVYVLVDSNNILDAQKAFTSITLFNILRFPLSMLPMMISSMLQASVSTERLEKYLGGDDLDTSAIRHDCNFDKAMQFSEASFTWEHDSEATVRDVNLDIMAGQLVAVIGPVGSGKSSLISAMLGEMENVHGHITIKGTTAYVPQQSWIQNGTIKDNILFGTEFNEKRYQQVLEACALLPDLEMLPGGDLAEIGEKGINLSGGQKQRISLARATYQNLDIYLLDDPLSAVDAHVGKHIFNKVLGPNGLLKGKTRLLVTHSMHFLPQVDEIVVLGNGTIVEKGSYSALLAKKGEFAKNLKTFLRHTGPEEEATVHDGSEEEDDDYGLISSVEEIPEDAASITMRRENSFRRTLSRSSRSNGRHLKSLRNSLKTRNVNSLKEDEELVKGQKLIKKEFIETGKVKFSIYLEYLQAIGLFSIFFIILAFVMNSVAFIGSNLWLSAWTSDSKIFNSTDYPASQRDMRVGVYGALGLAQGIFVFIAHFWSAFGFVHASNILHKQLLNNILRAPMRFFDTTPTGRIVNRFAGDISTVDDTLPQSLRSWITCFLGIISTLVMICMATPVFTIIVIPLGIIYVSVQMFYVSTSRQLRRLDSVTRSPIYSHFSETVSGLPVIRAFEHQQRFLKHNEVRIDTNQKCVFSWITSNRWLAIRLELVGNLTVFFSALMMVIYRDTLSGDTVGFVLSNALNITQTLNWLVRMTSEIETNIVAVERITEYTKVENEAPWVTDKRPPPDWPSKGKIQFNNYQVRYRPELDLVLRGITCDIGSMEKIGVVGRTGAGKSSLTNCLFRILEAAGGQIIIDGVDIASIGLHDLREKLTIIPQDPILFSGSLRMNLDPFNNYSDEEIWKALELAHLKSFVASLQLGLSHEVTEAGGNLSIGQRQLLCLGRALLRKSKILVLDEATAAVDLETDNLIQTTIQNEFAHCTVITIAHRLHTIMDSDKVMVLDNGKIIECGSPEELLQIPGPFYFMAKEAGIENVNSTKF,,Canalicular multispecific organic anion transporter 1,MRP2_HUMAN,Q92887,"B2RMT8,Q14022,Q5T2B1,Q92500,Q92798,Q99663,Q9UMS2",,,,,,
8,50775691,C[C@]12CC[C@H]3[C@@H](CC(=C)C4=CC(=O)C=C[C@]34C)[C@@H]1CCC2=O,"InChI=1/C20H24O2/c1-12-10-14-15-4-5-18(22)20(15,3)9-7-16(14)19(2)8-6-13(21)11-17(12)19/h6,8,11,14-16H,1,4-5,7,9-10H2,2-3H3/t14-,15-,16-,19+,20-/s2",BFYIZQONLCFLEV-OFGFSZAXNA-N,50398447,Aromasin::EXEMESTANE,Canalicular multispecific organic anion transporter 2,Homo sapiens,,133000.0,,,,,,,ChEMBL,10.1093/toxsci/kft176,23956101,,,"Morgan, RE; van Staden, CJ; Chen, Y; Kalyanaraman, N; Kalanzi, J; Dunn, RT; Afshari, CA; Hamadeh, HK",Amgen Inc,http://www.bindingdb.org/bind/chemsearch/marvin/MolStructure.jsp?monomerid=50398447,http://www.bindingdb.org/jsp/dbsearch/PrimarySearch_ki.jsp?energyterm=kJ/mole&tag=pol&polymerid=50004717&target=Canalicular+multispecific+organic+anion+transporter+2&column=ki&startPg=0&Increment=50&submit=Search,http://www.bindingdb.org/jsp/dbsearch/PrimarySearch_ki.jsp?energyterm=kJ/mole&tag=r21&monomerid=50398447&enzyme=Canalicular+multispecific+organic+anion+transporter+2&column=ki&startPg=0&Increment=50&submit=Search,EXM,,60198,163347471,4953,,DB00990,,C08162,ZINC03973334,1,MDALCGSGELGSKFWDSNLSVHTENPDLTPCFQNSLLAWVPCIYLWVALPCYLLYLRHHCRGYIILSHLSKLKMVLGVLLWCVSWADLFYSFHGLVHGRAPAPVFFVTPLVVGVTMLLATLLIQYERLQGVQSSGVLIIFWFLCVVCAIVPFRSKILLAKAEGEISDPFRFTTFYIHFALVLSALILACFREKPPFFSAKNVDPNPYPETSAGFLSRLFFWWFTKMAIYGYRHPLEEKDLWSLKEEDRSQMVVQQLLEAWRKQEKQTARHKASAAPGKNASGEDEVLLGARPRPRKPSFLKALLATFGSSFLISACFKLIQDLLSFINPQLLSILIRFISNPMAPSWWGFLVAGLMFLCSMMQSLILQHYYHYIFVTGVKFRTGIMGVIYRKALVITNSVKRASTVGEIVNLMSVDAQRFMDLAPFLNLLWSAPLQIILAIYFLWQNLGPSVLAGVAFMVLLIPLNGAVAVKMRAFQVKQMKLKDSRIKLMSEILNGIKVLKLYAWEPSFLKQVEGIRQGELQLLRTAAYLHTTTTFTWMCSPFLVTLITLWVYVYVDPNNVLDAEKAFVSVSLFNILRLPLNMLPQLISNLTQASVSLKRIQQFLSQEELDPQSVERKTISPGYAITIHSGTFTWAQDLPPTLHSLDIQVPKGALVAVVGPVGCGKSSLVSALLGEMEKLEGKVHMKGSVAYVPQQAWIQNCTLQENVLFGKALNPKRYQQTLEACALLADLEMLPGGDQTEIGEKGINLSGGQRQRVSLARAVYSDADIFLLDDPLSAVDSHVAKHIFDHVIGPEGVLAGKTRVLVTHGISFLPQTDFIIVLADGQVSEMGPYPALLQRNGSFANFLCNYAPDEDQGHLEDSWTALEGAEDKEALLIEDTLSNHTDLTDNDPVTYVVQKQFMRQLSALSSDGEGQGRPVPRRHLGPSEKVQVTEAKADGALTQEEKAAIGTVELSVFWDYAKAVGLCTTLAICLLYVGQSAAAIGANVWLSAWTNDAMADSRQNNTSLRLGVYAALGILQGFLVMLAAMAMAAGGIQAARVLHQALLHNKIRSPQSFFDTTPSGRILNCFSKDIYVVDEVLAPVILMLLNSFFNAISTLVVIMASTPLFTVVILPLAVLYTLVQRFYAATSRQLKRLESVSRSPIYSHFSETVTGASVIRAYNRSRDFEIISDTKVDANQRSCYPYIISNRWLSIGVEFVGNCVVLFAALFAVIGRSSLNPGLVGLSVSYSLQVTFALNWMIRMMSDLESNIVAVERVKEYSKTETEAPWVVEGSRPPEGWPPRGEVEFRNYSVRYRPGLDLVLRDLSLHVHGGEKVGIVGRTGAGKSSMTLCLFRILEAAKGEIRIDGLNVADIGLHDLRSQLTIIPQDPILFSGTLRMNLDPFGSYSEEDIWWALELSHLHTFVSSQPAGLDFQCSEGGENLSVGQRQLVCLARALLRKSRILVLDEATAAIDLETDNLIQATIRTQFDTCTVLTIAHRLNTIMDYTRVLVLDKGVVAEFDSPANLIAARGIFYGMARDAGLA,,Canalicular multispecific organic anion transporter 2,MRP3_HUMAN,O15438,"B2RPA9,D3DTX9,O60265,O60922,O75621,O95078,O95289,O95290,Q86X85,Q9UN52",,,,,,
9,50777223,C[C@]12CC[C@H]3[C@@H](CC(=C)C4=CC(=O)C=C[C@]34C)[C@@H]1CCC2=O,"InChI=1/C20H24O2/c1-12-10-14-15-4-5-18(22)20(15,3)9-7-16(14)19(2)8-6-13(21)11-17(12)19/h6,8,11,14-16H,1,4-5,7,9-10H2,2-3H3/t14-,15-,16-,19+,20-/s2",BFYIZQONLCFLEV-OFGFSZAXNA-N,50398447,Aromasin::EXEMESTANE,Bile salt export pump,,,90000.0,,,,,,,ChEMBL,10.1093/toxsci/kft176,23956101,,,"Morgan, RE; van Staden, CJ; Chen, Y; Kalyanaraman, N; Kalanzi, J; Dunn, RT; Afshari, CA; Hamadeh, HK",Amgen Inc,http://www.bindingdb.org/bind/chemsearch/marvin/MolStructure.jsp?monomerid=50398447,http://www.bindingdb.org/jsp/dbsearch/PrimarySearch_ki.jsp?energyterm=kJ/mole&tag=pol&polymerid=7532&target=Bile+salt+export+pump&column=ki&startPg=0&Increment=50&submit=Search,http://www.bindingdb.org/jsp/dbsearch/PrimarySearch_ki.jsp?energyterm=kJ/mole&tag=r21&monomerid=50398447&enzyme=Bile+salt+export+pump&column=ki&startPg=0&Increment=50&submit=Search,EXM,3S7S,60198,163347471,4953,,DB00990,,C08162,ZINC03973334,1,MSDSVILRSIKKFGEENDGFESDKSYNNDKKSRLQDEKKGDGVRVGFFQLFRFSSSTDIWLMFVGSLCAFLHGIAQPGVLLIFGTMTDVFIDYDVELQELQIPGKACVNNTIVWTNSSLNQNMTNGTRCGLLNIESEMIKFASYYAGIAVAVLITGYIQICFWVIAAARQIQKMRKFYFRRIMRMEIGWFDCNSVGELNTRFSDDINKINDAIADQMALFIQRMTSTICGFLLGFFRGWKLTLVIISVSPLIGIGAATIGLSVSKFTDYELKAYAKAGVVADEVISSMRTVAAFGGEKREVERYEKNLVFAQRWGIRKGIVMGFFTGFVWCLIFLCYALAFWYGSTLVLDEGEYTPGTLVQIFLSVIVGALNLGNASPCLEAFATGRAAATSIFETIDRKPIIDCMSEDGYKLDRIKGEIEFHNVTFHYPSRPEVKILNDLNMVIKPGEMTALVGPSGAGKSTALQLIQRFYDPCEGMVTVDGHDIRSLNIQWLRDQIGIVEQEPVLFSTTIAENIRYGREDATMEDIVQAAKEANAYNFIMDLPQQFDTLVGEGGGQMSGGQKQRVAIARALIRNPKILLLDMATSALDNESEAMVQEVLSKIQHGHTIISVAHRLSTVRAADTIIGFEHGTAVERGTHEELLERKGVYFTLVTLQSQGNQALNEEDIKDATEDDMLARTFSRGSYQDSLRASIRQRSKSQLSYLVHEPPLAVVDHKSTYEEDRKDKDIPVQEEVEPAPVRRILKFSAPEWPYMLVGSVGAAVNGTVTPLYAFLFSQILGTFSIPDKEEQRSQINGVCLLFVAMGCVSLFTQFLQGYAFAKSGELLTKRLRKFGFRAMLGQDIAWFDDLRNSPGALTTRLATDASQVQGAAGSQIGMIVNSFTNVTVAMIIAFSFSWKLSLVILCFFPFLALSGATQTRMLTGFASRDKQALEMVGQITNEALSNIRTVAGIGKERRFIEALETELEKPFKTAIQKANIYGFCFAFAQCIMFIANSASYRYGGYLISNEGLHFSYVFRVISAVVLSATALGRAFSYTPSYAKAKISAARFFQLLDRQPPISVYNTAGEKWDNFQGKIDFVDCKFTYPSRPDSQVLNGLSVSISPGQTLAFVGSSGCGKSTSIQLLERFYDPDQGKVMIDGHDSKKVNVQFLRSNIGIVSQEPVLFACSIMDNIKYGDNTKEIPMERVIAAAKQAQLHDFVMSLPEKYETNVGSQGSQLSRGEKQRIAIARAIVRDPKILLLDEATSALDTESEKTVQVALDKAREGRTCIVIAHRLSTIQNADIIAVMAQGVVIEKGTHEELMAQKGAYYKLVTTGSPIS,,Bile salt export pump,ABCBB_HUMAN,O95342,"Q53TL2,Q9UNB2",,,,,,
10,50971534,C[C@]12CC[C@H]3[C@@H](CC(=C)C4=CC(=O)C=C[C@]34C)[C@@H]1CCC2=O,"InChI=1/C20H24O2/c1-12-10-14-15-4-5-18(22)20(15,3)9-7-16(14)19(2)8-6-13(21)11-17(12)19/h6,8,11,14-16H,1,4-5,7,9-10H2,2-3H3/t14-,15-,16-,19+,20-/s2",BFYIZQONLCFLEV-OFGFSZAXNA-N,50398447,Aromasin::EXEMESTANE,Cytochrome P450 19A1,Homo sapiens,,50.1,,,,,,,ChEMBL,10.1021/jm300930n,22951074,,,"Ghosh, D; Lo, J; Morton, D; Valette, D; Xi, J; Griswold, J; Hubbell, S; Egbuta, C; Jiang, W; An, J; Davies, HM",State University of New York Upstate Medical University,http://www.bindingdb.org/bind/chemsearch/marvin/MolStructure.jsp?monomerid=50398447,http://www.bindingdb.org/jsp/dbsearch/PrimarySearch_ki.jsp?energyterm=kJ/mole&tag=pol&polymerid=1024&target=Cytochrome+P450+19A1&column=ki&startPg=0&Increment=50&submit=Search,http://www.bindingdb.org/jsp/dbsearch/PrimarySearch_ki.jsp?energyterm=kJ/mole&tag=r21&monomerid=50398447&enzyme=Cytochrome+P450+19A1&column=ki&startPg=0&Increment=50&submit=Search,EXM,3S7S,60198,163347471,4953,,DB00990,,C08162,ZINC03973334,1,MVLEMLNPIHYNITSIVPEAMPAATMPVLLLTGLFLLVWNYEGTSSIPGPGYCMGIGPLISHGRFLWMGIGSACNYYNRVYGEFMRVWISGEETLIISKSSSMFHIMKHNHYSSRFGSKLGLQCIGMHEKGIIFNNNPELWKTTRPFFMKALSGPGLVRMVTVCAESLKTHLDRLEEVTNESGYVDVLTLLRRVMLDTSNTLFLRIPLDESAIVVKIQGYFDAWQALLIKPDIFFKISWLYKKYEKSVKDLKDAIEVLIAEKRRRISTEEKLEECMDFATELILAEKRGDLTRENVNQCILEMLIAAPDTMSVSLFFMLFLIAKHPNVEEAIIKEIQTVIGERDIKIDDIQKLKVMENFIYESMRYQPVVDLVMRKALEDDVIDGYPVKKGTNIILNIGRMHRLEFFPKPNEFTLENFAKNVPYRYFQPFGFGPRGCAGKYIAMVMMKAILVTLLRRFHVKTLQGQCVESIQKIHDLSLHPDETKNMLEMIFTPRNSDRCLEH,"3EQM,3S79,3S7S,4GL5,4GL7,5JKV,5JKW,5JL6,5JL7,5JL9",Aromatase,CP19A_HUMAN,P11511,"Q16731,Q3B764,Q58FA0,Q8IYJ7",,,,A0A024R5S8,,
